Date,DayNumber,Day,Month,ShortMonth,CalendarMonthNumber,CalendarMonthLabel,CalendarYear,CalendarYearLabel,FiscalMonthNumber,FiscalMonthLabel,FiscalYear,FiscalYearLabel,ISOWeekNumber
2002-01-31T00:00:00.000Z,31,31,January,Jan,1,CY2002-Jan,2002,CY2002,3,FY2002-Jan,2002,FY2002,5
2002-03-31T00:00:00.000Z,31,31,March,Mar,3,CY2002-Mar,2002,CY2002,5,FY2002-Mar,2002,FY2002,13
2002-05-31T00:00:00.000Z,31,31,May,May,5,CY2002-May,2002,CY2002,7,FY2002-May,2002,FY2002,22
2002-07-31T00:00:00.000Z,31,31,July,Jul,7,CY2002-Jul,2002,CY2002,9,FY2002-Jul,2002,FY2002,31
2002-08-31T00:00:00.000Z,31,31,August,Aug,8,CY2002-Aug,2002,CY2002,10,FY2002-Aug,2002,FY2002,35
2002-09-30T00:00:00.000Z,30,30,September,Sep,9,CY2002-Sep,2002,CY2002,11,FY2002-Sep,2002,FY2002,40
2002-10-30T00:00:00.000Z,30,30,October,Oct,10,CY2002-Oct,2002,CY2002,12,FY2002-Oct,2002,FY2002,44
2002-10-31T00:00:00.000Z,31,31,October,Oct,10,CY2002-Oct,2002,CY2002,12,FY2002-Oct,2002,FY2002,44
2002-11-30T00:00:00.000Z,30,30,November,Nov,11,CY2002-Nov,2002,CY2002,1,FY2003-Nov,2003,FY2003,48
2002-12-30T00:00:00.000Z,30,30,December,Dec,12,CY2002-Dec,2002,CY2002,2,FY2003-Dec,2003,FY2003,1
2002-12-31T00:00:00.000Z,31,31,December,Dec,12,CY2002-Dec,2002,CY2002,2,FY2003-Dec,2003,FY2003,1
2005-01-11T00:00:00.000Z,11,11,January,Jan,1,CY2005-Jan,2005,CY2005,3,FY2005-Jan,2005,FY2005,2
2005-01-12T00:00:00.000Z,12,12,January,Jan,1,CY2005-Jan,2005,CY2005,3,FY2005-Jan,2005,FY2005,2
2005-01-13T00:00:00.000Z,13,13,January,Jan,1,CY2005-Jan,2005,CY2005,3,FY2005-Jan,2005,FY2005,2
2005-01-14T00:00:00.000Z,14,14,January,Jan,1,CY2005-Jan,2005,CY2005,3,FY2005-Jan,2005,FY2005,2
2005-01-15T00:00:00.000Z,15,15,January,Jan,1,CY2005-Jan,2005,CY2005,3,FY2005-Jan,2005,FY2005,2
2005-01-16T00:00:00.000Z,16,16,January,Jan,1,CY2005-Jan,2005,CY2005,3,FY2005-Jan,2005,FY2005,2
2005-01-17T00:00:00.000Z,17,17,January,Jan,1,CY2005-Jan,2005,CY2005,3,FY2005-Jan,2005,FY2005,3
2005-01-18T00:00:00.000Z,18,18,January,Jan,1,CY2005-Jan,2005,CY2005,3,FY2005-Jan,2005,FY2005,3
2005-01-19T00:00:00.000Z,19,19,January,Jan,1,CY2005-Jan,2005,CY2005,3,FY2005-Jan,2005,FY2005,3
2005-01-20T00:00:00.000Z,20,20,January,Jan,1,CY2005-Jan,2005,CY2005,3,FY2005-Jan,2005,FY2005,3
2005-02-11T00:00:00.000Z,11,11,February,Feb,2,CY2005-Feb,2005,CY2005,4,FY2005-Feb,2005,FY2005,6
2005-02-12T00:00:00.000Z,12,12,February,Feb,2,CY2005-Feb,2005,CY2005,4,FY2005-Feb,2005,FY2005,6
2005-02-13T00:00:00.000Z,13,13,February,Feb,2,CY2005-Feb,2005,CY2005,4,FY2005-Feb,2005,FY2005,6
2005-02-14T00:00:00.000Z,14,14,February,Feb,2,CY2005-Feb,2005,CY2005,4,FY2005-Feb,2005,FY2005,7
2005-02-15T00:00:00.000Z,15,15,February,Feb,2,CY2005-Feb,2005,CY2005,4,FY2005-Feb,2005,FY2005,7
2005-02-16T00:00:00.000Z,16,16,February,Feb,2,CY2005-Feb,2005,CY2005,4,FY2005-Feb,2005,FY2005,7
2005-02-17T00:00:00.000Z,17,17,February,Feb,2,CY2005-Feb,2005,CY2005,4,FY2005-Feb,2005,FY2005,7
2005-02-18T00:00:00.000Z,18,18,February,Feb,2,CY2005-Feb,2005,CY2005,4,FY2005-Feb,2005,FY2005,7
2005-02-19T00:00:00.000Z,19,19,February,Feb,2,CY2005-Feb,2005,CY2005,4,FY2005-Feb,2005,FY2005,7
2005-02-20T00:00:00.000Z,20,20,February,Feb,2,CY2005-Feb,2005,CY2005,4,FY2005-Feb,2005,FY2005,7
2005-03-11T00:00:00.000Z,11,11,March,Mar,3,CY2005-Mar,2005,CY2005,5,FY2005-Mar,2005,FY2005,10
2005-03-12T00:00:00.000Z,12,12,March,Mar,3,CY2005-Mar,2005,CY2005,5,FY2005-Mar,2005,FY2005,10
2005-03-13T00:00:00.000Z,13,13,March,Mar,3,CY2005-Mar,2005,CY2005,5,FY2005-Mar,2005,FY2005,10
2005-03-14T00:00:00.000Z,14,14,March,Mar,3,CY2005-Mar,2005,CY2005,5,FY2005-Mar,2005,FY2005,11
2005-03-15T00:00:00.000Z,15,15,March,Mar,3,CY2005-Mar,2005,CY2005,5,FY2005-Mar,2005,FY2005,11
2005-03-16T00:00:00.000Z,16,16,March,Mar,3,CY2005-Mar,2005,CY2005,5,FY2005-Mar,2005,FY2005,11
2005-03-17T00:00:00.000Z,17,17,March,Mar,3,CY2005-Mar,2005,CY2005,5,FY2005-Mar,2005,FY2005,11
2005-03-18T00:00:00.000Z,18,18,March,Mar,3,CY2005-Mar,2005,CY2005,5,FY2005-Mar,2005,FY2005,11
2005-03-19T00:00:00.000Z,19,19,March,Mar,3,CY2005-Mar,2005,CY2005,5,FY2005-Mar,2005,FY2005,11
2005-03-20T00:00:00.000Z,20,20,March,Mar,3,CY2005-Mar,2005,CY2005,5,FY2005-Mar,2005,FY2005,11
2005-04-11T00:00:00.000Z,11,11,April,Apr,4,CY2005-Apr,2005,CY2005,6,FY2005-Apr,2005,FY2005,15
2005-04-12T00:00:00.000Z,12,12,April,Apr,4,CY2005-Apr,2005,CY2005,6,FY2005-Apr,2005,FY2005,15
2005-04-13T00:00:00.000Z,13,13,April,Apr,4,CY2005-Apr,2005,CY2005,6,FY2005-Apr,2005,FY2005,15
2005-04-14T00:00:00.000Z,14,14,April,Apr,4,CY2005-Apr,2005,CY2005,6,FY2005-Apr,2005,FY2005,15
2005-04-15T00:00:00.000Z,15,15,April,Apr,4,CY2005-Apr,2005,CY2005,6,FY2005-Apr,2005,FY2005,15
2005-04-16T00:00:00.000Z,16,16,April,Apr,4,CY2005-Apr,2005,CY2005,6,FY2005-Apr,2005,FY2005,15
2005-04-17T00:00:00.000Z,17,17,April,Apr,4,CY2005-Apr,2005,CY2005,6,FY2005-Apr,2005,FY2005,15
2005-04-18T00:00:00.000Z,18,18,April,Apr,4,CY2005-Apr,2005,CY2005,6,FY2005-Apr,2005,FY2005,16
2005-04-19T00:00:00.000Z,19,19,April,Apr,4,CY2005-Apr,2005,CY2005,6,FY2005-Apr,2005,FY2005,16
2005-04-20T00:00:00.000Z,20,20,April,Apr,4,CY2005-Apr,2005,CY2005,6,FY2005-Apr,2005,FY2005,16
2005-05-11T00:00:00.000Z,11,11,May,May,5,CY2005-May,2005,CY2005,7,FY2005-May,2005,FY2005,19
2005-05-12T00:00:00.000Z,12,12,May,May,5,CY2005-May,2005,CY2005,7,FY2005-May,2005,FY2005,19
2005-05-13T00:00:00.000Z,13,13,May,May,5,CY2005-May,2005,CY2005,7,FY2005-May,2005,FY2005,19
2005-05-14T00:00:00.000Z,14,14,May,May,5,CY2005-May,2005,CY2005,7,FY2005-May,2005,FY2005,19
2005-05-15T00:00:00.000Z,15,15,May,May,5,CY2005-May,2005,CY2005,7,FY2005-May,2005,FY2005,19
2005-05-16T00:00:00.000Z,16,16,May,May,5,CY2005-May,2005,CY2005,7,FY2005-May,2005,FY2005,20
2005-05-17T00:00:00.000Z,17,17,May,May,5,CY2005-May,2005,CY2005,7,FY2005-May,2005,FY2005,20
2005-05-18T00:00:00.000Z,18,18,May,May,5,CY2005-May,2005,CY2005,7,FY2005-May,2005,FY2005,20
2005-05-19T00:00:00.000Z,19,19,May,May,5,CY2005-May,2005,CY2005,7,FY2005-May,2005,FY2005,20
2005-05-20T00:00:00.000Z,20,20,May,May,5,CY2005-May,2005,CY2005,7,FY2005-May,2005,FY2005,20
2005-06-11T00:00:00.000Z,11,11,June,Jun,6,CY2005-Jun,2005,CY2005,8,FY2005-Jun,2005,FY2005,23
2005-06-12T00:00:00.000Z,12,12,June,Jun,6,CY2005-Jun,2005,CY2005,8,FY2005-Jun,2005,FY2005,23
2005-06-13T00:00:00.000Z,13,13,June,Jun,6,CY2005-Jun,2005,CY2005,8,FY2005-Jun,2005,FY2005,24
2005-06-14T00:00:00.000Z,14,14,June,Jun,6,CY2005-Jun,2005,CY2005,8,FY2005-Jun,2005,FY2005,24
2005-06-15T00:00:00.000Z,15,15,June,Jun,6,CY2005-Jun,2005,CY2005,8,FY2005-Jun,2005,FY2005,24
2005-06-16T00:00:00.000Z,16,16,June,Jun,6,CY2005-Jun,2005,CY2005,8,FY2005-Jun,2005,FY2005,24
2005-06-17T00:00:00.000Z,17,17,June,Jun,6,CY2005-Jun,2005,CY2005,8,FY2005-Jun,2005,FY2005,24
2005-06-18T00:00:00.000Z,18,18,June,Jun,6,CY2005-Jun,2005,CY2005,8,FY2005-Jun,2005,FY2005,24
2005-06-19T00:00:00.000Z,19,19,June,Jun,6,CY2005-Jun,2005,CY2005,8,FY2005-Jun,2005,FY2005,24
2005-06-20T00:00:00.000Z,20,20,June,Jun,6,CY2005-Jun,2005,CY2005,8,FY2005-Jun,2005,FY2005,25
2005-07-11T00:00:00.000Z,11,11,July,Jul,7,CY2005-Jul,2005,CY2005,9,FY2005-Jul,2005,FY2005,28
2005-07-12T00:00:00.000Z,12,12,July,Jul,7,CY2005-Jul,2005,CY2005,9,FY2005-Jul,2005,FY2005,28
2005-07-13T00:00:00.000Z,13,13,July,Jul,7,CY2005-Jul,2005,CY2005,9,FY2005-Jul,2005,FY2005,28
2005-07-14T00:00:00.000Z,14,14,July,Jul,7,CY2005-Jul,2005,CY2005,9,FY2005-Jul,2005,FY2005,28
2005-07-15T00:00:00.000Z,15,15,July,Jul,7,CY2005-Jul,2005,CY2005,9,FY2005-Jul,2005,FY2005,28
2005-07-16T00:00:00.000Z,16,16,July,Jul,7,CY2005-Jul,2005,CY2005,9,FY2005-Jul,2005,FY2005,28
2005-07-17T00:00:00.000Z,17,17,July,Jul,7,CY2005-Jul,2005,CY2005,9,FY2005-Jul,2005,FY2005,28
2005-07-18T00:00:00.000Z,18,18,July,Jul,7,CY2005-Jul,2005,CY2005,9,FY2005-Jul,2005,FY2005,29
2005-07-19T00:00:00.000Z,19,19,July,Jul,7,CY2005-Jul,2005,CY2005,9,FY2005-Jul,2005,FY2005,29
2005-07-20T00:00:00.000Z,20,20,July,Jul,7,CY2005-Jul,2005,CY2005,9,FY2005-Jul,2005,FY2005,29
2005-08-11T00:00:00.000Z,11,11,August,Aug,8,CY2005-Aug,2005,CY2005,10,FY2005-Aug,2005,FY2005,32
2005-08-12T00:00:00.000Z,12,12,August,Aug,8,CY2005-Aug,2005,CY2005,10,FY2005-Aug,2005,FY2005,32
2005-08-13T00:00:00.000Z,13,13,August,Aug,8,CY2005-Aug,2005,CY2005,10,FY2005-Aug,2005,FY2005,32
2005-08-14T00:00:00.000Z,14,14,August,Aug,8,CY2005-Aug,2005,CY2005,10,FY2005-Aug,2005,FY2005,32
2005-08-15T00:00:00.000Z,15,15,August,Aug,8,CY2005-Aug,2005,CY2005,10,FY2005-Aug,2005,FY2005,33
2005-08-16T00:00:00.000Z,16,16,August,Aug,8,CY2005-Aug,2005,CY2005,10,FY2005-Aug,2005,FY2005,33
2005-08-17T00:00:00.000Z,17,17,August,Aug,8,CY2005-Aug,2005,CY2005,10,FY2005-Aug,2005,FY2005,33
2005-08-18T00:00:00.000Z,18,18,August,Aug,8,CY2005-Aug,2005,CY2005,10,FY2005-Aug,2005,FY2005,33
2005-08-19T00:00:00.000Z,19,19,August,Aug,8,CY2005-Aug,2005,CY2005,10,FY2005-Aug,2005,FY2005,33
2005-08-20T00:00:00.000Z,20,20,August,Aug,8,CY2005-Aug,2005,CY2005,10,FY2005-Aug,2005,FY2005,33
2005-09-11T00:00:00.000Z,11,11,September,Sep,9,CY2005-Sep,2005,CY2005,11,FY2005-Sep,2005,FY2005,36
2005-09-12T00:00:00.000Z,12,12,September,Sep,9,CY2005-Sep,2005,CY2005,11,FY2005-Sep,2005,FY2005,37
2005-09-13T00:00:00.000Z,13,13,September,Sep,9,CY2005-Sep,2005,CY2005,11,FY2005-Sep,2005,FY2005,37
2005-09-14T00:00:00.000Z,14,14,September,Sep,9,CY2005-Sep,2005,CY2005,11,FY2005-Sep,2005,FY2005,37
2005-09-15T00:00:00.000Z,15,15,September,Sep,9,CY2005-Sep,2005,CY2005,11,FY2005-Sep,2005,FY2005,37
2005-09-16T00:00:00.000Z,16,16,September,Sep,9,CY2005-Sep,2005,CY2005,11,FY2005-Sep,2005,FY2005,37
2005-09-17T00:00:00.000Z,17,17,September,Sep,9,CY2005-Sep,2005,CY2005,11,FY2005-Sep,2005,FY2005,37
2005-09-18T00:00:00.000Z,18,18,September,Sep,9,CY2005-Sep,2005,CY2005,11,FY2005-Sep,2005,FY2005,37
2005-09-19T00:00:00.000Z,19,19,September,Sep,9,CY2005-Sep,2005,CY2005,11,FY2005-Sep,2005,FY2005,38
2005-10-11T00:00:00.000Z,11,11,October,Oct,10,CY2005-Oct,2005,CY2005,12,FY2005-Oct,2005,FY2005,41
2005-10-12T00:00:00.000Z,12,12,October,Oct,10,CY2005-Oct,2005,CY2005,12,FY2005-Oct,2005,FY2005,41
2005-10-13T00:00:00.000Z,13,13,October,Oct,10,CY2005-Oct,2005,CY2005,12,FY2005-Oct,2005,FY2005,41
2005-10-14T00:00:00.000Z,14,14,October,Oct,10,CY2005-Oct,2005,CY2005,12,FY2005-Oct,2005,FY2005,41
2005-10-15T00:00:00.000Z,15,15,October,Oct,10,CY2005-Oct,2005,CY2005,12,FY2005-Oct,2005,FY2005,41
2005-10-16T00:00:00.000Z,16,16,October,Oct,10,CY2005-Oct,2005,CY2005,12,FY2005-Oct,2005,FY2005,41
2005-10-17T00:00:00.000Z,17,17,October,Oct,10,CY2005-Oct,2005,CY2005,12,FY2005-Oct,2005,FY2005,42
2005-10-18T00:00:00.000Z,18,18,October,Oct,10,CY2005-Oct,2005,CY2005,12,FY2005-Oct,2005,FY2005,42
2005-10-19T00:00:00.000Z,19,19,October,Oct,10,CY2005-Oct,2005,CY2005,12,FY2005-Oct,2005,FY2005,42
2005-11-10T00:00:00.000Z,10,10,November,Nov,11,CY2005-Nov,2005,CY2005,1,FY2006-Nov,2006,FY2006,45
2005-11-11T00:00:00.000Z,11,11,November,Nov,11,CY2005-Nov,2005,CY2005,1,FY2006-Nov,2006,FY2006,45
2005-11-12T00:00:00.000Z,12,12,November,Nov,11,CY2005-Nov,2005,CY2005,1,FY2006-Nov,2006,FY2006,45
2005-11-13T00:00:00.000Z,13,13,November,Nov,11,CY2005-Nov,2005,CY2005,1,FY2006-Nov,2006,FY2006,45
2005-11-14T00:00:00.000Z,14,14,November,Nov,11,CY2005-Nov,2005,CY2005,1,FY2006-Nov,2006,FY2006,46
2005-11-15T00:00:00.000Z,15,15,November,Nov,11,CY2005-Nov,2005,CY2005,1,FY2006-Nov,2006,FY2006,46
2005-11-16T00:00:00.000Z,16,16,November,Nov,11,CY2005-Nov,2005,CY2005,1,FY2006-Nov,2006,FY2006,46
2005-11-17T00:00:00.000Z,17,17,November,Nov,11,CY2005-Nov,2005,CY2005,1,FY2006-Nov,2006,FY2006,46
2005-11-18T00:00:00.000Z,18,18,November,Nov,11,CY2005-Nov,2005,CY2005,1,FY2006-Nov,2006,FY2006,46
2005-11-19T00:00:00.000Z,19,19,November,Nov,11,CY2005-Nov,2005,CY2005,1,FY2006-Nov,2006,FY2006,46
2005-12-10T00:00:00.000Z,10,10,December,Dec,12,CY2005-Dec,2005,CY2005,2,FY2006-Dec,2006,FY2006,49
2005-12-11T00:00:00.000Z,11,11,December,Dec,12,CY2005-Dec,2005,CY2005,2,FY2006-Dec,2006,FY2006,49
2005-12-12T00:00:00.000Z,12,12,December,Dec,12,CY2005-Dec,2005,CY2005,2,FY2006-Dec,2006,FY2006,50
2005-12-13T00:00:00.000Z,13,13,December,Dec,12,CY2005-Dec,2005,CY2005,2,FY2006-Dec,2006,FY2006,50
2005-12-14T00:00:00.000Z,14,14,December,Dec,12,CY2005-Dec,2005,CY2005,2,FY2006-Dec,2006,FY2006,50
2005-12-15T00:00:00.000Z,15,15,December,Dec,12,CY2005-Dec,2005,CY2005,2,FY2006-Dec,2006,FY2006,50
2005-12-16T00:00:00.000Z,16,16,December,Dec,12,CY2005-Dec,2005,CY2005,2,FY2006-Dec,2006,FY2006,50
2005-12-17T00:00:00.000Z,17,17,December,Dec,12,CY2005-Dec,2005,CY2005,2,FY2006-Dec,2006,FY2006,50
2005-12-18T00:00:00.000Z,18,18,December,Dec,12,CY2005-Dec,2005,CY2005,2,FY2006-Dec,2006,FY2006,50
2005-12-19T00:00:00.000Z,19,19,December,Dec,12,CY2005-Dec,2005,CY2005,2,FY2006-Dec,2006,FY2006,51
2015-01-01T00:00:00.000Z,1,1,January,Jan,1,CY2015-Jan,2015,CY2015,3,FY2015-Jan,2015,FY2015,1
2015-01-02T00:00:00.000Z,2,2,January,Jan,1,CY2015-Jan,2015,CY2015,3,FY2015-Jan,2015,FY2015,1
2015-01-03T00:00:00.000Z,3,3,January,Jan,1,CY2015-Jan,2015,CY2015,3,FY2015-Jan,2015,FY2015,1
2015-01-04T00:00:00.000Z,4,4,January,Jan,1,CY2015-Jan,2015,CY2015,3,FY2015-Jan,2015,FY2015,1
2015-01-05T00:00:00.000Z,5,5,January,Jan,1,CY2015-Jan,2015,CY2015,3,FY2015-Jan,2015,FY2015,2
2015-01-06T00:00:00.000Z,6,6,January,Jan,1,CY2015-Jan,2015,CY2015,3,FY2015-Jan,2015,FY2015,2
2015-01-07T00:00:00.000Z,7,7,January,Jan,1,CY2015-Jan,2015,CY2015,3,FY2015-Jan,2015,FY2015,2
2015-01-08T00:00:00.000Z,8,8,January,Jan,1,CY2015-Jan,2015,CY2015,3,FY2015-Jan,2015,FY2015,2
2015-01-09T00:00:00.000Z,9,9,January,Jan,1,CY2015-Jan,2015,CY2015,3,FY2015-Jan,2015,FY2015,2
2015-01-10T00:00:00.000Z,10,10,January,Jan,1,CY2015-Jan,2015,CY2015,3,FY2015-Jan,2015,FY2015,2
2015-02-01T00:00:00.000Z,1,1,February,Feb,2,CY2015-Feb,2015,CY2015,4,FY2015-Feb,2015,FY2015,5
2015-02-02T00:00:00.000Z,2,2,February,Feb,2,CY2015-Feb,2015,CY2015,4,FY2015-Feb,2015,FY2015,6
2015-02-03T00:00:00.000Z,3,3,February,Feb,2,CY2015-Feb,2015,CY2015,4,FY2015-Feb,2015,FY2015,6
2015-02-04T00:00:00.000Z,4,4,February,Feb,2,CY2015-Feb,2015,CY2015,4,FY2015-Feb,2015,FY2015,6
2015-02-05T00:00:00.000Z,5,5,February,Feb,2,CY2015-Feb,2015,CY2015,4,FY2015-Feb,2015,FY2015,6
2015-02-06T00:00:00.000Z,6,6,February,Feb,2,CY2015-Feb,2015,CY2015,4,FY2015-Feb,2015,FY2015,6
2015-02-07T00:00:00.000Z,7,7,February,Feb,2,CY2015-Feb,2015,CY2015,4,FY2015-Feb,2015,FY2015,6
2015-02-08T00:00:00.000Z,8,8,February,Feb,2,CY2015-Feb,2015,CY2015,4,FY2015-Feb,2015,FY2015,6
2015-02-09T00:00:00.000Z,9,9,February,Feb,2,CY2015-Feb,2015,CY2015,4,FY2015-Feb,2015,FY2015,7
2015-02-10T00:00:00.000Z,10,10,February,Feb,2,CY2015-Feb,2015,CY2015,4,FY2015-Feb,2015,FY2015,7
2015-03-01T00:00:00.000Z,1,1,March,Mar,3,CY2015-Mar,2015,CY2015,5,FY2015-Mar,2015,FY2015,9
2015-03-02T00:00:00.000Z,2,2,March,Mar,3,CY2015-Mar,2015,CY2015,5,FY2015-Mar,2015,FY2015,10
2015-03-03T00:00:00.000Z,3,3,March,Mar,3,CY2015-Mar,2015,CY2015,5,FY2015-Mar,2015,FY2015,10
2015-03-04T00:00:00.000Z,4,4,March,Mar,3,CY2015-Mar,2015,CY2015,5,FY2015-Mar,2015,FY2015,10
2015-03-05T00:00:00.000Z,5,5,March,Mar,3,CY2015-Mar,2015,CY2015,5,FY2015-Mar,2015,FY2015,10
2015-03-06T00:00:00.000Z,6,6,March,Mar,3,CY2015-Mar,2015,CY2015,5,FY2015-Mar,2015,FY2015,10
2015-03-07T00:00:00.000Z,7,7,March,Mar,3,CY2015-Mar,2015,CY2015,5,FY2015-Mar,2015,FY2015,10
2015-03-08T00:00:00.000Z,8,8,March,Mar,3,CY2015-Mar,2015,CY2015,5,FY2015-Mar,2015,FY2015,10
2015-03-09T00:00:00.000Z,9,9,March,Mar,3,CY2015-Mar,2015,CY2015,5,FY2015-Mar,2015,FY2015,11
2015-03-10T00:00:00.000Z,10,10,March,Mar,3,CY2015-Mar,2015,CY2015,5,FY2015-Mar,2015,FY2015,11
2015-04-01T00:00:00.000Z,1,1,April,Apr,4,CY2015-Apr,2015,CY2015,6,FY2015-Apr,2015,FY2015,14
2015-04-02T00:00:00.000Z,2,2,April,Apr,4,CY2015-Apr,2015,CY2015,6,FY2015-Apr,2015,FY2015,14
2015-04-03T00:00:00.000Z,3,3,April,Apr,4,CY2015-Apr,2015,CY2015,6,FY2015-Apr,2015,FY2015,14
2015-04-04T00:00:00.000Z,4,4,April,Apr,4,CY2015-Apr,2015,CY2015,6,FY2015-Apr,2015,FY2015,14
2015-04-05T00:00:00.000Z,5,5,April,Apr,4,CY2015-Apr,2015,CY2015,6,FY2015-Apr,2015,FY2015,14
2015-04-06T00:00:00.000Z,6,6,April,Apr,4,CY2015-Apr,2015,CY2015,6,FY2015-Apr,2015,FY2015,15
2015-04-07T00:00:00.000Z,7,7,April,Apr,4,CY2015-Apr,2015,CY2015,6,FY2015-Apr,2015,FY2015,15
2015-04-08T00:00:00.000Z,8,8,April,Apr,4,CY2015-Apr,2015,CY2015,6,FY2015-Apr,2015,FY2015,15
2015-04-09T00:00:00.000Z,9,9,April,Apr,4,CY2015-Apr,2015,CY2015,6,FY2015-Apr,2015,FY2015,15
2015-04-10T00:00:00.000Z,10,10,April,Apr,4,CY2015-Apr,2015,CY2015,6,FY2015-Apr,2015,FY2015,15
2015-05-01T00:00:00.000Z,1,1,May,May,5,CY2015-May,2015,CY2015,7,FY2015-May,2015,FY2015,18
2015-05-02T00:00:00.000Z,2,2,May,May,5,CY2015-May,2015,CY2015,7,FY2015-May,2015,FY2015,18
2015-05-03T00:00:00.000Z,3,3,May,May,5,CY2015-May,2015,CY2015,7,FY2015-May,2015,FY2015,18
2015-05-04T00:00:00.000Z,4,4,May,May,5,CY2015-May,2015,CY2015,7,FY2015-May,2015,FY2015,19
2015-05-05T00:00:00.000Z,5,5,May,May,5,CY2015-May,2015,CY2015,7,FY2015-May,2015,FY2015,19
2015-05-06T00:00:00.000Z,6,6,May,May,5,CY2015-May,2015,CY2015,7,FY2015-May,2015,FY2015,19
2015-05-07T00:00:00.000Z,7,7,May,May,5,CY2015-May,2015,CY2015,7,FY2015-May,2015,FY2015,19
2015-05-08T00:00:00.000Z,8,8,May,May,5,CY2015-May,2015,CY2015,7,FY2015-May,2015,FY2015,19
2015-05-09T00:00:00.000Z,9,9,May,May,5,CY2015-May,2015,CY2015,7,FY2015-May,2015,FY2015,19
2015-05-10T00:00:00.000Z,10,10,May,May,5,CY2015-May,2015,CY2015,7,FY2015-May,2015,FY2015,19
2015-06-01T00:00:00.000Z,1,1,June,Jun,6,CY2015-Jun,2015,CY2015,8,FY2015-Jun,2015,FY2015,23
2015-06-02T00:00:00.000Z,2,2,June,Jun,6,CY2015-Jun,2015,CY2015,8,FY2015-Jun,2015,FY2015,23
2015-06-03T00:00:00.000Z,3,3,June,Jun,6,CY2015-Jun,2015,CY2015,8,FY2015-Jun,2015,FY2015,23
2015-06-04T00:00:00.000Z,4,4,June,Jun,6,CY2015-Jun,2015,CY2015,8,FY2015-Jun,2015,FY2015,23
2015-06-05T00:00:00.000Z,5,5,June,Jun,6,CY2015-Jun,2015,CY2015,8,FY2015-Jun,2015,FY2015,23
2015-06-06T00:00:00.000Z,6,6,June,Jun,6,CY2015-Jun,2015,CY2015,8,FY2015-Jun,2015,FY2015,23
2015-06-07T00:00:00.000Z,7,7,June,Jun,6,CY2015-Jun,2015,CY2015,8,FY2015-Jun,2015,FY2015,23
2015-06-08T00:00:00.000Z,8,8,June,Jun,6,CY2015-Jun,2015,CY2015,8,FY2015-Jun,2015,FY2015,24
2015-06-09T00:00:00.000Z,9,9,June,Jun,6,CY2015-Jun,2015,CY2015,8,FY2015-Jun,2015,FY2015,24
2015-06-10T00:00:00.000Z,10,10,June,Jun,6,CY2015-Jun,2015,CY2015,8,FY2015-Jun,2015,FY2015,24
2015-07-01T00:00:00.000Z,1,1,July,Jul,7,CY2015-Jul,2015,CY2015,9,FY2015-Jul,2015,FY2015,27
2015-07-02T00:00:00.000Z,2,2,July,Jul,7,CY2015-Jul,2015,CY2015,9,FY2015-Jul,2015,FY2015,27
2015-07-03T00:00:00.000Z,3,3,July,Jul,7,CY2015-Jul,2015,CY2015,9,FY2015-Jul,2015,FY2015,27
2015-07-04T00:00:00.000Z,4,4,July,Jul,7,CY2015-Jul,2015,CY2015,9,FY2015-Jul,2015,FY2015,27
2015-07-05T00:00:00.000Z,5,5,July,Jul,7,CY2015-Jul,2015,CY2015,9,FY2015-Jul,2015,FY2015,27
2015-07-06T00:00:00.000Z,6,6,July,Jul,7,CY2015-Jul,2015,CY2015,9,FY2015-Jul,2015,FY2015,28
2015-07-07T00:00:00.000Z,7,7,July,Jul,7,CY2015-Jul,2015,CY2015,9,FY2015-Jul,2015,FY2015,28
2015-07-08T00:00:00.000Z,8,8,July,Jul,7,CY2015-Jul,2015,CY2015,9,FY2015-Jul,2015,FY2015,28
2015-07-09T00:00:00.000Z,9,9,July,Jul,7,CY2015-Jul,2015,CY2015,9,FY2015-Jul,2015,FY2015,28
2015-07-10T00:00:00.000Z,10,10,July,Jul,7,CY2015-Jul,2015,CY2015,9,FY2015-Jul,2015,FY2015,28
2015-08-01T00:00:00.000Z,1,1,August,Aug,8,CY2015-Aug,2015,CY2015,10,FY2015-Aug,2015,FY2015,31
2015-08-02T00:00:00.000Z,2,2,August,Aug,8,CY2015-Aug,2015,CY2015,10,FY2015-Aug,2015,FY2015,31
2015-08-03T00:00:00.000Z,3,3,August,Aug,8,CY2015-Aug,2015,CY2015,10,FY2015-Aug,2015,FY2015,32
2015-08-04T00:00:00.000Z,4,4,August,Aug,8,CY2015-Aug,2015,CY2015,10,FY2015-Aug,2015,FY2015,32
2015-08-05T00:00:00.000Z,5,5,August,Aug,8,CY2015-Aug,2015,CY2015,10,FY2015-Aug,2015,FY2015,32
2015-08-06T00:00:00.000Z,6,6,August,Aug,8,CY2015-Aug,2015,CY2015,10,FY2015-Aug,2015,FY2015,32
2015-08-07T00:00:00.000Z,7,7,August,Aug,8,CY2015-Aug,2015,CY2015,10,FY2015-Aug,2015,FY2015,32
2015-08-08T00:00:00.000Z,8,8,August,Aug,8,CY2015-Aug,2015,CY2015,10,FY2015-Aug,2015,FY2015,32
2015-08-09T00:00:00.000Z,9,9,August,Aug,8,CY2015-Aug,2015,CY2015,10,FY2015-Aug,2015,FY2015,32
2015-08-10T00:00:00.000Z,10,10,August,Aug,8,CY2015-Aug,2015,CY2015,10,FY2015-Aug,2015,FY2015,33
2015-09-01T00:00:00.000Z,1,1,September,Sep,9,CY2015-Sep,2015,CY2015,11,FY2015-Sep,2015,FY2015,36
2015-09-02T00:00:00.000Z,2,2,September,Sep,9,CY2015-Sep,2015,CY2015,11,FY2015-Sep,2015,FY2015,36
2015-09-03T00:00:00.000Z,3,3,September,Sep,9,CY2015-Sep,2015,CY2015,11,FY2015-Sep,2015,FY2015,36
2015-09-04T00:00:00.000Z,4,4,September,Sep,9,CY2015-Sep,2015,CY2015,11,FY2015-Sep,2015,FY2015,36
2015-09-05T00:00:00.000Z,5,5,September,Sep,9,CY2015-Sep,2015,CY2015,11,FY2015-Sep,2015,FY2015,36
2015-09-06T00:00:00.000Z,6,6,September,Sep,9,CY2015-Sep,2015,CY2015,11,FY2015-Sep,2015,FY2015,36
2015-09-07T00:00:00.000Z,7,7,September,Sep,9,CY2015-Sep,2015,CY2015,11,FY2015-Sep,2015,FY2015,37
2015-09-08T00:00:00.000Z,8,8,September,Sep,9,CY2015-Sep,2015,CY2015,11,FY2015-Sep,2015,FY2015,37
2015-09-09T00:00:00.000Z,9,9,September,Sep,9,CY2015-Sep,2015,CY2015,11,FY2015-Sep,2015,FY2015,37
2015-09-10T00:00:00.000Z,10,10,September,Sep,9,CY2015-Sep,2015,CY2015,11,FY2015-Sep,2015,FY2015,37
2015-10-01T00:00:00.000Z,1,1,October,Oct,10,CY2015-Oct,2015,CY2015,12,FY2015-Oct,2015,FY2015,40
2015-10-02T00:00:00.000Z,2,2,October,Oct,10,CY2015-Oct,2015,CY2015,12,FY2015-Oct,2015,FY2015,40
2015-10-03T00:00:00.000Z,3,3,October,Oct,10,CY2015-Oct,2015,CY2015,12,FY2015-Oct,2015,FY2015,40
2015-10-04T00:00:00.000Z,4,4,October,Oct,10,CY2015-Oct,2015,CY2015,12,FY2015-Oct,2015,FY2015,40
2015-10-05T00:00:00.000Z,5,5,October,Oct,10,CY2015-Oct,2015,CY2015,12,FY2015-Oct,2015,FY2015,41
2015-10-06T00:00:00.000Z,6,6,October,Oct,10,CY2015-Oct,2015,CY2015,12,FY2015-Oct,2015,FY2015,41
2015-10-07T00:00:00.000Z,7,7,October,Oct,10,CY2015-Oct,2015,CY2015,12,FY2015-Oct,2015,FY2015,41
2015-10-08T00:00:00.000Z,8,8,October,Oct,10,CY2015-Oct,2015,CY2015,12,FY2015-Oct,2015,FY2015,41
2015-10-09T00:00:00.000Z,9,9,October,Oct,10,CY2015-Oct,2015,CY2015,12,FY2015-Oct,2015,FY2015,41
2015-10-10T00:00:00.000Z,10,10,October,Oct,10,CY2015-Oct,2015,CY2015,12,FY2015-Oct,2015,FY2015,41
2015-11-01T00:00:00.000Z,1,1,November,Nov,11,CY2015-Nov,2015,CY2015,1,FY2016-Nov,2016,FY2016,44
2015-11-02T00:00:00.000Z,2,2,November,Nov,11,CY2015-Nov,2015,CY2015,1,FY2016-Nov,2016,FY2016,45
2015-11-03T00:00:00.000Z,3,3,November,Nov,11,CY2015-Nov,2015,CY2015,1,FY2016-Nov,2016,FY2016,45
2015-11-04T00:00:00.000Z,4,4,November,Nov,11,CY2015-Nov,2015,CY2015,1,FY2016-Nov,2016,FY2016,45
2015-11-05T00:00:00.000Z,5,5,November,Nov,11,CY2015-Nov,2015,CY2015,1,FY2016-Nov,2016,FY2016,45
2015-11-06T00:00:00.000Z,6,6,November,Nov,11,CY2015-Nov,2015,CY2015,1,FY2016-Nov,2016,FY2016,45
2015-11-07T00:00:00.000Z,7,7,November,Nov,11,CY2015-Nov,2015,CY2015,1,FY2016-Nov,2016,FY2016,45
2015-11-08T00:00:00.000Z,8,8,November,Nov,11,CY2015-Nov,2015,CY2015,1,FY2016-Nov,2016,FY2016,45
2015-11-09T00:00:00.000Z,9,9,November,Nov,11,CY2015-Nov,2015,CY2015,1,FY2016-Nov,2016,FY2016,46
2015-12-01T00:00:00.000Z,1,1,December,Dec,12,CY2015-Dec,2015,CY2015,2,FY2016-Dec,2016,FY2016,49
2015-12-02T00:00:00.000Z,2,2,December,Dec,12,CY2015-Dec,2015,CY2015,2,FY2016-Dec,2016,FY2016,49
2015-12-03T00:00:00.000Z,3,3,December,Dec,12,CY2015-Dec,2015,CY2015,2,FY2016-Dec,2016,FY2016,49
2015-12-04T00:00:00.000Z,4,4,December,Dec,12,CY2015-Dec,2015,CY2015,2,FY2016-Dec,2016,FY2016,49
2015-12-05T00:00:00.000Z,5,5,December,Dec,12,CY2015-Dec,2015,CY2015,2,FY2016-Dec,2016,FY2016,49
2015-12-06T00:00:00.000Z,6,6,December,Dec,12,CY2015-Dec,2015,CY2015,2,FY2016-Dec,2016,FY2016,49
2015-12-07T00:00:00.000Z,7,7,December,Dec,12,CY2015-Dec,2015,CY2015,2,FY2016-Dec,2016,FY2016,50
2015-12-08T00:00:00.000Z,8,8,December,Dec,12,CY2015-Dec,2015,CY2015,2,FY2016-Dec,2016,FY2016,50
2015-12-09T00:00:00.000Z,9,9,December,Dec,12,CY2015-Dec,2015,CY2015,2,FY2016-Dec,2016,FY2016,50
